RefImageName,NoiseType,NoisyImage
../utils/GrayScale/71.png,0,0.png
../utils/GrayScale/15.png,3,1.png
../utils/GrayScale/137.png,0,2.png
../utils/GrayScale/8.png,0,3.png
../utils/GrayScale/66.png,3,4.png
../utils/GrayScale/118.png,3,5.png
../utils/GrayScale/131.png,0,6.png
../utils/GrayScale/66.png,0,7.png
../utils/GrayScale/69.png,2,8.png
../utils/GrayScale/37.png,3,9.png
../utils/GrayScale/59.png,0,10.png
../utils/GrayScale/164.png,0,11.png
../utils/GrayScale/23.png,0,12.png
../utils/GrayScale/164.png,1,13.png
../utils/GrayScale/198.png,0,14.png
../utils/GrayScale/164.png,1,15.png
../utils/GrayScale/110.png,3,16.png
../utils/GrayScale/123.png,2,17.png
../utils/GrayScale/70.png,3,18.png
../utils/GrayScale/9.png,2,19.png
../utils/GrayScale/31.png,2,20.png
../utils/GrayScale/174.png,3,21.png
../utils/GrayScale/187.png,2,22.png
../utils/GrayScale/94.png,0,23.png
../utils/GrayScale/115.png,2,24.png
../utils/GrayScale/115.png,1,25.png
../utils/GrayScale/145.png,1,26.png
../utils/GrayScale/166.png,2,27.png
../utils/GrayScale/58.png,3,28.png
../utils/GrayScale/33.png,3,29.png
../utils/GrayScale/39.png,0,30.png
../utils/GrayScale/103.png,3,31.png
../utils/GrayScale/20.png,2,32.png
../utils/GrayScale/199.png,0,33.png
../utils/GrayScale/93.png,0,34.png
../utils/GrayScale/151.png,2,35.png
../utils/GrayScale/110.png,0,36.png
../utils/GrayScale/77.png,0,37.png
../utils/GrayScale/160.png,2,38.png
../utils/GrayScale/89.png,0,39.png
../utils/GrayScale/164.png,2,40.png
../utils/GrayScale/87.png,1,41.png
../utils/GrayScale/72.png,3,42.png
../utils/GrayScale/23.png,3,43.png
../utils/GrayScale/124.png,2,44.png
../utils/GrayScale/119.png,2,45.png
../utils/GrayScale/133.png,0,46.png
../utils/GrayScale/142.png,2,47.png
../utils/GrayScale/157.png,2,48.png
../utils/GrayScale/163.png,3,49.png
../utils/GrayScale/198.png,1,50.png
../utils/GrayScale/153.png,1,51.png
../utils/GrayScale/19.png,0,52.png
../utils/GrayScale/144.png,3,53.png
../utils/GrayScale/79.png,0,54.png
../utils/GrayScale/183.png,3,55.png
../utils/GrayScale/186.png,2,56.png
../utils/GrayScale/53.png,0,57.png
../utils/GrayScale/15.png,2,58.png
../utils/GrayScale/129.png,1,59.png
../utils/GrayScale/88.png,3,60.png
../utils/GrayScale/78.png,0,61.png
../utils/GrayScale/170.png,1,62.png
../utils/GrayScale/30.png,1,63.png
../utils/GrayScale/87.png,0,64.png
../utils/GrayScale/92.png,2,65.png
../utils/GrayScale/17.png,1,66.png
../utils/GrayScale/1.png,3,67.png
../utils/GrayScale/43.png,3,68.png
../utils/GrayScale/61.png,3,69.png
../utils/GrayScale/185.png,1,70.png
../utils/GrayScale/108.png,3,71.png
../utils/GrayScale/182.png,0,72.png
../utils/GrayScale/130.png,3,73.png
../utils/GrayScale/62.png,0,74.png
../utils/GrayScale/49.png,3,75.png
../utils/GrayScale/0.png,0,76.png
../utils/GrayScale/92.png,3,77.png
../utils/GrayScale/22.png,0,78.png
../utils/GrayScale/106.png,1,79.png
../utils/GrayScale/39.png,2,80.png
../utils/GrayScale/3.png,2,81.png
../utils/GrayScale/189.png,0,82.png
../utils/GrayScale/102.png,3,83.png
../utils/GrayScale/108.png,2,84.png
../utils/GrayScale/182.png,1,85.png
../utils/GrayScale/21.png,3,86.png
../utils/GrayScale/137.png,0,87.png
../utils/GrayScale/54.png,0,88.png
../utils/GrayScale/164.png,3,89.png
../utils/GrayScale/70.png,1,90.png
../utils/GrayScale/161.png,2,91.png
../utils/GrayScale/78.png,2,92.png
../utils/GrayScale/165.png,1,93.png
../utils/GrayScale/126.png,0,94.png
../utils/GrayScale/3.png,3,95.png
../utils/GrayScale/28.png,2,96.png
../utils/GrayScale/106.png,3,97.png
../utils/GrayScale/182.png,2,98.png
../utils/GrayScale/67.png,1,99.png
../utils/GrayScale/163.png,0,100.png
../utils/GrayScale/134.png,2,101.png
../utils/GrayScale/181.png,0,102.png
../utils/GrayScale/27.png,1,103.png
../utils/GrayScale/130.png,1,104.png
../utils/GrayScale/2.png,2,105.png
../utils/GrayScale/157.png,0,106.png
../utils/GrayScale/91.png,1,107.png
../utils/GrayScale/2.png,3,108.png
../utils/GrayScale/2.png,0,109.png
../utils/GrayScale/76.png,0,110.png
../utils/GrayScale/132.png,1,111.png
../utils/GrayScale/5.png,2,112.png
../utils/GrayScale/171.png,2,113.png
../utils/GrayScale/114.png,2,114.png
../utils/GrayScale/70.png,3,115.png
../utils/GrayScale/169.png,3,116.png
../utils/GrayScale/94.png,3,117.png
../utils/GrayScale/68.png,0,118.png
../utils/GrayScale/17.png,1,119.png
../utils/GrayScale/15.png,1,120.png
../utils/GrayScale/198.png,2,121.png
../utils/GrayScale/13.png,3,122.png
../utils/GrayScale/111.png,0,123.png
../utils/GrayScale/173.png,0,124.png
../utils/GrayScale/48.png,0,125.png
../utils/GrayScale/118.png,1,126.png
../utils/GrayScale/19.png,2,127.png
../utils/GrayScale/123.png,0,128.png
../utils/GrayScale/103.png,1,129.png
../utils/GrayScale/189.png,0,130.png
../utils/GrayScale/12.png,2,131.png
../utils/GrayScale/108.png,0,132.png
../utils/GrayScale/169.png,3,133.png
../utils/GrayScale/101.png,3,134.png
../utils/GrayScale/32.png,1,135.png
../utils/GrayScale/38.png,0,136.png
../utils/GrayScale/95.png,0,137.png
../utils/GrayScale/189.png,1,138.png
../utils/GrayScale/1.png,1,139.png
../utils/GrayScale/80.png,1,140.png
../utils/GrayScale/55.png,1,141.png
../utils/GrayScale/97.png,0,142.png
../utils/GrayScale/166.png,3,143.png
../utils/GrayScale/135.png,2,144.png
../utils/GrayScale/177.png,3,145.png
../utils/GrayScale/99.png,0,146.png
../utils/GrayScale/9.png,3,147.png
../utils/GrayScale/165.png,3,148.png
../utils/GrayScale/117.png,0,149.png
../utils/GrayScale/20.png,1,150.png
../utils/GrayScale/166.png,2,151.png
../utils/GrayScale/144.png,3,152.png
../utils/GrayScale/19.png,3,153.png
../utils/GrayScale/21.png,2,154.png
../utils/GrayScale/105.png,1,155.png
../utils/GrayScale/190.png,1,156.png
../utils/GrayScale/96.png,1,157.png
../utils/GrayScale/174.png,2,158.png
../utils/GrayScale/154.png,3,159.png
../utils/GrayScale/160.png,0,160.png
../utils/GrayScale/174.png,1,161.png
../utils/GrayScale/126.png,1,162.png
../utils/GrayScale/91.png,3,163.png
../utils/GrayScale/3.png,3,164.png
../utils/GrayScale/93.png,1,165.png
../utils/GrayScale/170.png,3,166.png
../utils/GrayScale/82.png,2,167.png
../utils/GrayScale/25.png,0,168.png
../utils/GrayScale/139.png,1,169.png
../utils/GrayScale/172.png,0,170.png
../utils/GrayScale/136.png,2,171.png
../utils/GrayScale/117.png,0,172.png
../utils/GrayScale/16.png,1,173.png
../utils/GrayScale/146.png,2,174.png
../utils/GrayScale/12.png,3,175.png
../utils/GrayScale/15.png,2,176.png
../utils/GrayScale/74.png,0,177.png
../utils/GrayScale/49.png,3,178.png
../utils/GrayScale/92.png,0,179.png
../utils/GrayScale/60.png,1,180.png
../utils/GrayScale/145.png,0,181.png
../utils/GrayScale/59.png,1,182.png
../utils/GrayScale/152.png,1,183.png
../utils/GrayScale/64.png,3,184.png
../utils/GrayScale/101.png,3,185.png
../utils/GrayScale/44.png,2,186.png
../utils/GrayScale/45.png,2,187.png
../utils/GrayScale/187.png,0,188.png
../utils/GrayScale/129.png,0,189.png
../utils/GrayScale/28.png,0,190.png
../utils/GrayScale/1.png,1,191.png
../utils/GrayScale/125.png,0,192.png
../utils/GrayScale/10.png,1,193.png
../utils/GrayScale/57.png,2,194.png
../utils/GrayScale/118.png,1,195.png
../utils/GrayScale/138.png,2,196.png
../utils/GrayScale/146.png,1,197.png
../utils/GrayScale/146.png,0,198.png
../utils/GrayScale/180.png,2,199.png
../utils/GrayScale/47.png,3,200.png
../utils/GrayScale/84.png,1,201.png
../utils/GrayScale/125.png,2,202.png
../utils/GrayScale/99.png,0,203.png
../utils/GrayScale/196.png,1,204.png
../utils/GrayScale/46.png,2,205.png
../utils/GrayScale/164.png,3,206.png
../utils/GrayScale/28.png,0,207.png
../utils/GrayScale/142.png,3,208.png
../utils/GrayScale/45.png,1,209.png
../utils/GrayScale/176.png,1,210.png
../utils/GrayScale/121.png,3,211.png
../utils/GrayScale/18.png,1,212.png
../utils/GrayScale/101.png,2,213.png
../utils/GrayScale/9.png,2,214.png
../utils/GrayScale/58.png,3,215.png
../utils/GrayScale/31.png,1,216.png
../utils/GrayScale/46.png,3,217.png
../utils/GrayScale/89.png,0,218.png
../utils/GrayScale/158.png,1,219.png
../utils/GrayScale/92.png,2,220.png
../utils/GrayScale/142.png,1,221.png
../utils/GrayScale/101.png,2,222.png
../utils/GrayScale/116.png,1,223.png
../utils/GrayScale/48.png,2,224.png
../utils/GrayScale/164.png,2,225.png
../utils/GrayScale/51.png,1,226.png
../utils/GrayScale/147.png,3,227.png
../utils/GrayScale/77.png,2,228.png
../utils/GrayScale/109.png,3,229.png
../utils/GrayScale/178.png,3,230.png
../utils/GrayScale/11.png,3,231.png
../utils/GrayScale/146.png,3,232.png
../utils/GrayScale/89.png,0,233.png
../utils/GrayScale/189.png,2,234.png
../utils/GrayScale/138.png,3,235.png
../utils/GrayScale/109.png,0,236.png
../utils/GrayScale/92.png,2,237.png
../utils/GrayScale/82.png,3,238.png
../utils/GrayScale/191.png,3,239.png
../utils/GrayScale/75.png,1,240.png
../utils/GrayScale/183.png,0,241.png
../utils/GrayScale/22.png,2,242.png
../utils/GrayScale/82.png,2,243.png
../utils/GrayScale/68.png,2,244.png
../utils/GrayScale/31.png,2,245.png
../utils/GrayScale/2.png,3,246.png
../utils/GrayScale/3.png,3,247.png
../utils/GrayScale/115.png,1,248.png
../utils/GrayScale/32.png,3,249.png
../utils/GrayScale/183.png,3,250.png
../utils/GrayScale/50.png,2,251.png
../utils/GrayScale/95.png,2,252.png
../utils/GrayScale/72.png,1,253.png
../utils/GrayScale/108.png,1,254.png
../utils/GrayScale/178.png,3,255.png
../utils/GrayScale/95.png,1,256.png
../utils/GrayScale/193.png,2,257.png
../utils/GrayScale/27.png,0,258.png
../utils/GrayScale/122.png,0,259.png
../utils/GrayScale/140.png,1,260.png
../utils/GrayScale/160.png,2,261.png
../utils/GrayScale/87.png,2,262.png
../utils/GrayScale/145.png,1,263.png
../utils/GrayScale/52.png,3,264.png
../utils/GrayScale/37.png,2,265.png
../utils/GrayScale/138.png,3,266.png
../utils/GrayScale/154.png,0,267.png
../utils/GrayScale/113.png,3,268.png
../utils/GrayScale/159.png,3,269.png
../utils/GrayScale/48.png,3,270.png
../utils/GrayScale/81.png,0,271.png
../utils/GrayScale/2.png,2,272.png
../utils/GrayScale/7.png,0,273.png
../utils/GrayScale/112.png,1,274.png
../utils/GrayScale/14.png,3,275.png
../utils/GrayScale/121.png,3,276.png
../utils/GrayScale/134.png,2,277.png
../utils/GrayScale/185.png,1,278.png
../utils/GrayScale/44.png,2,279.png
../utils/GrayScale/87.png,2,280.png
../utils/GrayScale/175.png,3,281.png
../utils/GrayScale/158.png,2,282.png
../utils/GrayScale/196.png,2,283.png
../utils/GrayScale/196.png,0,284.png
../utils/GrayScale/94.png,3,285.png
../utils/GrayScale/57.png,0,286.png
../utils/GrayScale/167.png,2,287.png
../utils/GrayScale/72.png,0,288.png
../utils/GrayScale/64.png,2,289.png
../utils/GrayScale/179.png,0,290.png
../utils/GrayScale/150.png,2,291.png
../utils/GrayScale/80.png,3,292.png
../utils/GrayScale/82.png,0,293.png
../utils/GrayScale/104.png,2,294.png
../utils/GrayScale/79.png,0,295.png
../utils/GrayScale/144.png,1,296.png
../utils/GrayScale/166.png,2,297.png
../utils/GrayScale/169.png,2,298.png
../utils/GrayScale/94.png,1,299.png
../utils/GrayScale/170.png,3,300.png
../utils/GrayScale/163.png,3,301.png
../utils/GrayScale/35.png,1,302.png
../utils/GrayScale/34.png,0,303.png
../utils/GrayScale/124.png,1,304.png
../utils/GrayScale/133.png,0,305.png
../utils/GrayScale/190.png,3,306.png
../utils/GrayScale/174.png,1,307.png
../utils/GrayScale/149.png,0,308.png
../utils/GrayScale/65.png,0,309.png
../utils/GrayScale/90.png,2,310.png
../utils/GrayScale/56.png,3,311.png
../utils/GrayScale/112.png,1,312.png
../utils/GrayScale/27.png,3,313.png
../utils/GrayScale/31.png,1,314.png
../utils/GrayScale/76.png,1,315.png
../utils/GrayScale/98.png,0,316.png
../utils/GrayScale/80.png,2,317.png
../utils/GrayScale/12.png,0,318.png
../utils/GrayScale/90.png,3,319.png
../utils/GrayScale/168.png,2,320.png
../utils/GrayScale/99.png,3,321.png
../utils/GrayScale/151.png,0,322.png
../utils/GrayScale/197.png,0,323.png
../utils/GrayScale/99.png,0,324.png
../utils/GrayScale/96.png,1,325.png
../utils/GrayScale/150.png,0,326.png
../utils/GrayScale/151.png,2,327.png
../utils/GrayScale/0.png,2,328.png
../utils/GrayScale/4.png,1,329.png
../utils/GrayScale/126.png,0,330.png
../utils/GrayScale/137.png,0,331.png
../utils/GrayScale/101.png,2,332.png
../utils/GrayScale/37.png,1,333.png
../utils/GrayScale/130.png,0,334.png
../utils/GrayScale/53.png,1,335.png
../utils/GrayScale/143.png,2,336.png
../utils/GrayScale/182.png,2,337.png
../utils/GrayScale/95.png,2,338.png
../utils/GrayScale/44.png,2,339.png
../utils/GrayScale/2.png,0,340.png
../utils/GrayScale/123.png,2,341.png
../utils/GrayScale/95.png,1,342.png
../utils/GrayScale/173.png,0,343.png
../utils/GrayScale/47.png,2,344.png
../utils/GrayScale/33.png,3,345.png
../utils/GrayScale/195.png,0,346.png
../utils/GrayScale/87.png,3,347.png
../utils/GrayScale/128.png,0,348.png
../utils/GrayScale/160.png,0,349.png
../utils/GrayScale/45.png,3,350.png
../utils/GrayScale/116.png,1,351.png
../utils/GrayScale/43.png,2,352.png
../utils/GrayScale/44.png,1,353.png
../utils/GrayScale/155.png,2,354.png
../utils/GrayScale/53.png,0,355.png
../utils/GrayScale/148.png,2,356.png
../utils/GrayScale/63.png,1,357.png
../utils/GrayScale/124.png,1,358.png
../utils/GrayScale/8.png,1,359.png
../utils/GrayScale/129.png,1,360.png
../utils/GrayScale/128.png,2,361.png
../utils/GrayScale/105.png,2,362.png
../utils/GrayScale/56.png,2,363.png
../utils/GrayScale/198.png,0,364.png
../utils/GrayScale/191.png,2,365.png
../utils/GrayScale/188.png,1,366.png
../utils/GrayScale/50.png,2,367.png
../utils/GrayScale/94.png,2,368.png
../utils/GrayScale/150.png,0,369.png
../utils/GrayScale/60.png,3,370.png
../utils/GrayScale/125.png,2,371.png
../utils/GrayScale/93.png,1,372.png
../utils/GrayScale/143.png,3,373.png
../utils/GrayScale/104.png,3,374.png
../utils/GrayScale/5.png,1,375.png
../utils/GrayScale/74.png,3,376.png
../utils/GrayScale/131.png,1,377.png
../utils/GrayScale/58.png,1,378.png
../utils/GrayScale/149.png,2,379.png
../utils/GrayScale/194.png,1,380.png
../utils/GrayScale/67.png,0,381.png
../utils/GrayScale/125.png,3,382.png
../utils/GrayScale/192.png,3,383.png
../utils/GrayScale/109.png,1,384.png
../utils/GrayScale/118.png,3,385.png
../utils/GrayScale/138.png,3,386.png
../utils/GrayScale/69.png,3,387.png
../utils/GrayScale/17.png,2,388.png
../utils/GrayScale/111.png,3,389.png
../utils/GrayScale/174.png,2,390.png
../utils/GrayScale/67.png,3,391.png
../utils/GrayScale/88.png,0,392.png
../utils/GrayScale/171.png,3,393.png
../utils/GrayScale/194.png,2,394.png
../utils/GrayScale/126.png,1,395.png
../utils/GrayScale/149.png,3,396.png
../utils/GrayScale/194.png,0,397.png
../utils/GrayScale/5.png,1,398.png
../utils/GrayScale/136.png,2,399.png
